"id","categorie","sous_section","nom","unite","stock_actuel","stock_minimum","statut","cree_par","date_creation","types_mouvements_autorises","longueur","largeur","est_template","actif","couleur"
"50","Outillage-Autres","Outils manuels","ARRACHE CLOUS","unité(s)","3","0","valide","3","""2025-10-18T12:14:40.019Z""","pret",,,"false","true",
"51","Outillage-Autres","Outils manuels","BROUETTE","unité(s)","3","0","valide","3","""2025-10-18T12:14:40.038Z""","pret",,,"false","true",
"52","Outillage-Autres","Outils manuels","BURIN","unité(s)","5","0","valide","3","""2025-10-18T12:14:40.061Z""","pret",,,"false","true",
"53","Outillage-Autres","Outils manuels","Cisaille de ferrailleur","unité(s)","2","0","valide","3","""2025-10-18T12:14:40.080Z""","pret",,,"false","true",
"54","Outillage-Autres","Outils manuels","CLE DE SERRAGE","unité(s)","3","0","valide","3","""2025-10-18T12:14:40.098Z""","pret",,,"false","true",
"55","Outillage-Autres","Outils manuels","DAMEUSE","mètre(s)","5","0","valide","3","""2025-10-18T12:14:40.115Z""","pret",,,"false","true",
"56","Outillage-Autres","Outils manuels","GRATTOIR","unité(s)","1","0","valide","3","""2025-10-18T12:14:40.136Z""","pret",,,"false","true",
"57","Outillage-Autres","Outils manuels","GRIFFE 14-12","unité(s)","1","0","valide","3","""2025-10-18T12:14:40.154Z""","pret",,,"false","true",
"58","Outillage-Autres","Outils manuels","GRIFFE 8-10","unité(s)","4","0","valide","3","""2025-10-18T12:14:40.171Z""","pret",,,"false","true",
"59","Outillage-Autres","Outils manuels","GRIFFE 8-6","unité(s)","2","0","valide","3","""2025-10-18T12:14:40.188Z""","pret",,,"false","true",
"60","Outillage-Autres","Outils manuels","KIT CLES A LAINE","unité(s)","1","0","valide","3","""2025-10-18T12:14:40.208Z""","pret",,,"false","true",
"61","Outillage-Autres","Outils manuels","KIT TOURNEVIS","unité(s)","1","0","valide","3","""2025-10-18T12:14:40.226Z""","pret",,,"false","true",
"62","Outillage-Autres","Outils manuels","LAME DE SCIE (PVC)","unité(s)","2","0","valide","3","""2025-10-18T12:14:40.244Z""","pret",,,"false","true",
"63","Outillage-Autres","Outils manuels","MANCHE PELLE","unité(s)","2","0","valide","3","""2025-10-18T12:14:40.261Z""","pret",,,"false","true",
"64","Outillage-Autres","Outils manuels","MANCHE PIOCHE","unité(s)","0","0","valide","3","""2025-10-18T12:14:40.278Z""","pret",,,"false","true",
"65","Outillage-Autres","Outils manuels","MARTEAU","unité(s)","4","0","valide","3","""2025-10-18T12:14:40.295Z""","pret",,,"false","true",
"66","Outillage-Autres","Outils manuels","PELLE","unité(s)","8","0","valide","3","""2025-10-18T12:14:40.312Z""","pret",,,"false","true",
"67","Outillage-Autres","Outils manuels","PELLE A CIMENT","unité(s)","0","0","valide","3","""2025-10-18T12:14:40.330Z""","pret",,,"false","true",
"68","Outillage-Autres","Outils manuels","PELLE A POUSSIERE","unité(s)","1","0","valide","3","""2025-10-18T12:14:40.349Z""","pret",,,"false","true",
"69","Outillage-Autres","Outils manuels","PELLE BECHE","unité(s)","0","0","valide","3","""2025-10-18T12:14:40.367Z""","pret",,,"false","true",
"70","Outillage-Autres","Outils manuels","PELLE JARDINAGE","unité(s)","10","0","valide","3","""2025-10-18T12:14:40.384Z""","pret",,,"false","true",
"71","Outillage-Autres","Outils manuels","PINCE A GAZ","unité(s)","0","0","valide","3","""2025-10-18T12:14:40.402Z""","pret",,,"false","true",
"72","Outillage-Autres","Outils manuels","PINCE UNIVERSELLE","unité(s)","4","0","valide","3","""2025-10-18T12:14:40.419Z""","pret",,,"false","true",
"73","Outillage-Autres","Outils manuels","PIOCHE","unité(s)","5","0","valide","3","""2025-10-18T12:14:40.437Z""","pret",,,"false","true",
"74","Outillage-Autres","Outils manuels","PORTE LAME (PVC)","unité(s)","2","0","valide","3","""2025-10-18T12:14:40.454Z""","pret",,,"false","true",
"75","Outillage-Autres","Outils manuels","RATEAU","unité(s)","3","0","valide","3","""2025-10-18T12:14:40.472Z""","pret",,,"false","true",
"76","Outillage-Autres","Outils manuels","SCIE A BOIS","unité(s)","3","0","valide","3","""2025-10-18T12:14:40.494Z""","pret",,,"false","true",
"77","Outillage-Autres","Outils manuels","SEAUX","unité(s)","22","0","valide","3","""2025-10-18T12:14:40.512Z""","pret",,,"false","true",
"78","Outillage-Autres","Outils manuels","SERRE-JOINT","unité(s)","0","0","valide","3","""2025-10-18T12:14:40.529Z""","pret",,,"false","true",
"79","Outillage-Autres","Outils manuels","TALOCHE","unité(s)","3","0","valide","3","""2025-10-18T12:14:40.546Z""","pret",,,"false","true",
"80","Outillage-Autres","Outils manuels","TENAILLES","unité(s)","4","0","valide","3","""2025-10-18T12:14:40.566Z""","pret",,,"false","true",
"81","Outillage-Autres","Mesure & traçage","CORDEAU","unité(s)","1","0","valide","3","""2025-10-18T12:14:40.584Z""","pret",,,"false","true",
"82","Outillage-Autres","Mesure & traçage","DECAMETRE 20m","unité(s)","1","0","valide","3","""2025-10-18T12:14:40.601Z""","pret",,,"false","true",
"83","Outillage-Autres","Mesure & traçage","DECAMETRE 30m","unité(s)","1","0","valide","3","""2025-10-18T12:14:40.618Z""","pret",,,"false","true",
"84","Outillage-Autres","Mesure & traçage","EQUERRE","unité(s)","4","0","valide","3","""2025-10-18T12:14:40.635Z""","pret",,,"false","true",
"85","Outillage-Autres","Mesure & traçage","METRE 3m","unité(s)","0","0","valide","3","""2025-10-18T12:14:40.653Z""","pret",,,"false","true",
"86","Outillage-Autres","Mesure & traçage","METRE 5m","unité(s)","1","0","valide","3","""2025-10-18T12:14:40.670Z""","pret",,,"false","true",
"87","Outillage-Autres","Mesure & traçage","NIVEAU A BULLE - GM","unité(s)","1","0","valide","3","""2025-10-18T12:14:40.688Z""","pret",,,"false","true",
"88","Outillage-Autres","Mesure & traçage","NIVEAU A BULLE - MINI","unité(s)","1","0","valide","3","""2025-10-18T12:14:40.705Z""","pret",,,"false","true",
"89","Outillage-Autres","Mesure & traçage","NIVEAU A BULLE - PM","unité(s)","3","0","valide","3","""2025-10-18T12:14:40.723Z""","pret",,,"false","true",
"90","Outillage-Autres","Sécurité & signalisation","FILET AVERTISSEUR BLEU","mètre(s)","3","0","valide","3","""2025-10-18T12:14:40.740Z""","pret",,,"false","true",
"91","Outillage-Autres","Sécurité & signalisation","FILET AVERTISSEUR ROUGE","mètre(s)","1","0","valide","3","""2025-10-18T12:14:40.760Z""","pret",,,"false","true",
"92","Outillage-Autres","Sécurité & signalisation","REGARD DE VISITE GM","unité(s)","5","0","valide","3","""2025-10-18T12:14:40.778Z""","pret",,,"false","true",
"93","Outillage-Autres","Sécurité & signalisation","REGARD DE VISITE PM","unité(s)","0","0","valide","3","""2025-10-18T12:14:40.796Z""","pret",,,"false","true",
"94","Outillage-Autres","Équipement & mobilier","BALAI","unité(s)","1","0","valide","3","""2025-10-18T12:14:40.814Z""","pret",,,"false","true",
"95","Outillage-Autres","Équipement & mobilier","GLACIERE","mètre(s)","1","0","valide","3","""2025-10-18T12:14:40.832Z""","pret",,,"false","true",
"96","Outillage-Autres","Équipement & mobilier","MATELAS","unité(s)","13","0","valide","3","""2025-10-18T12:14:40.850Z""","pret",,,"false","true",
"97","Outillage-Autres","Équipement & mobilier","TABLE PLIANTE","unité(s)","1","0","valide","3","""2025-10-18T12:14:40.866Z""","pret",,,"false","true",
"98","Outillage-Autres","Équipement & mobilier","TABOURET","unité(s)","2","0","valide","3","""2025-10-18T12:14:40.883Z""","pret",,,"false","true",
"193","Plomberie et Irrigation","Tubes & tuyaux","EVAC - DN 110","Nb de tuyaux 6m","79","0","valide","3","""2025-10-18T12:14:42.563Z""","consommation",,,"false","true",
"194","Plomberie et Irrigation","Tubes & tuyaux","EVAC - DN 40","Nb de tuyaux 6m","0","0","valide","3","""2025-10-18T12:14:42.581Z""","consommation",,,"false","true",
"195","Plomberie et Irrigation","Tubes & tuyaux","EVAC - DN 50","Nb de tuyaux 6m","0","0","valide","3","""2025-10-18T12:14:42.597Z""","consommation",,,"false","true",
"196","Plomberie et Irrigation","Tubes & tuyaux","EVAC - DN 63","Nb de tuyaux 6m","0","0","valide","3","""2025-10-18T12:14:42.629Z""","consommation",,,"false","true",
"197","Plomberie et Irrigation","Tubes & tuyaux","EVAC - DN 75","Nb de tuyaux 6m","0","0","valide","3","""2025-10-18T12:14:42.646Z""","consommation",,,"false","true",
"198","Plomberie et Irrigation","Tubes & tuyaux","EVAC - DN 90","Nb de tuyaux 6m","0","0","valide","3","""2025-10-18T12:14:42.664Z""","consommation",,,"false","true",
"199","Plomberie et Irrigation","Tubes & tuyaux","EVAC - DN 160","Nb de tuyaux 6m","1","0","valide","3","""2025-10-18T12:14:42.681Z""","consommation",,,"false","true",
"200","Plomberie et Irrigation","Tubes & tuyaux","EVAC - DN 125","Nb de tuyaux 6m","3","0","valide","3","""2025-10-18T12:14:42.699Z""","consommation",,,"false","true",
"201","Plomberie et Irrigation","Tubes & tuyaux","JR - DN 16 - PN 6 (Rouleau de 100m)","Rouleau de 100m","1","0","valide","3","""2025-10-18T12:14:42.716Z""","consommation",,,"false","true",
"202","Plomberie et Irrigation","Tubes & tuyaux","JR - DN 25 - PN 6 (Rouleau de 100m)","Rouleau de 100m","0","0","valide","3","""2025-10-18T12:14:42.732Z""","consommation",,,"false","true",
"203","Plomberie et Irrigation","Tubes & tuyaux","JR - DN 32 - PN 10 (Rouleau de 100m)","Rouleau de 100m","0","0","valide","3","""2025-10-18T12:14:42.749Z""","consommation",,,"false","true",
"204","Plomberie et Irrigation","Tubes & tuyaux","JR - DN 32 - PN 6 (Rouleau de 100m)","Rouleau de 100m","0","0","valide","3","""2025-10-18T12:14:42.767Z""","consommation",,,"false","true",
"205","Plomberie et Irrigation","Tubes & tuyaux","JR - DN 40 - PN 6 (Rouleau de 100m)","Rouleau de 100m","0","0","valide","3","""2025-10-18T12:14:42.784Z""","consommation",,,"false","true",
"206","Plomberie et Irrigation","Tubes & tuyaux","JR - DN 50 - PN 6 (Rouleau de 100m)","Rouleau de 100m","0","0","valide","3","""2025-10-18T12:14:42.801Z""","consommation",,,"false","true",
"207","Plomberie et Irrigation","Tubes & tuyaux","PRESSION - DN 110","Nb de tuyaux 6m","24","0","valide","3","""2025-10-18T12:14:42.819Z""","consommation",,,"false","true",
"208","Plomberie et Irrigation","Tubes & tuyaux","PRESSION - DN 125","Nb de tuyaux 6m","0","0","valide","3","""2025-10-18T12:14:42.837Z""","consommation",,,"false","true",
"209","Plomberie et Irrigation","Tubes & tuyaux","PRESSION - DN 40","Nb de tuyaux 6m","0","0","valide","3","""2025-10-18T12:14:42.855Z""","consommation",,,"false","true",
"210","Plomberie et Irrigation","Tubes & tuyaux","PRESSION - DN 50","Nb de tuyaux 6m","10","0","valide","3","""2025-10-18T12:14:42.872Z""","consommation",,,"false","true",
"211","Plomberie et Irrigation","Tubes & tuyaux","PRESSION - DN 63","Nb de tuyaux 6m","27","0","valide","3","""2025-10-18T12:14:42.890Z""","consommation",,,"false","true",
"212","Plomberie et Irrigation","Tubes & tuyaux","PRESSION - DN 75","Nb de tuyaux 6m","20","0","valide","3","""2025-10-18T12:14:42.908Z""","consommation",,,"false","true",
"213","Plomberie et Irrigation","Tubes & tuyaux","PRESSION - DN 90","Nb de tuyaux 6m","0","0","valide","3","""2025-10-18T12:14:42.925Z""","consommation",,,"false","true",
"214","Plomberie et Irrigation","Coudes","COUDE EVAC 45° - DN 125","unité(s)","0","0","valide","3","""2025-10-18T12:14:42.944Z""","consommation",,,"false","true",
"215","Plomberie et Irrigation","Coudes","COUDE EVAC 45° - DN 160","unité(s)","8","0","valide","3","""2025-10-18T12:14:42.961Z""","consommation",,,"false","true",
"216","Plomberie et Irrigation","Coudes","COUDE EVAC 45° - DN 50","unité(s)","8","0","valide","3","""2025-10-18T12:14:42.981Z""","consommation",,,"false","true",
"217","Plomberie et Irrigation","Coudes","COUDE EVAC 90° - DN 32","unité(s)","0","0","valide","3","""2025-10-18T12:14:42.998Z""","consommation",,,"false","true",
"218","Plomberie et Irrigation","Coudes","COUDE EVAC 90° - DN 50","unité(s)","0","0","valide","3","""2025-10-18T12:14:43.016Z""","consommation",,,"false","true",
"219","Plomberie et Irrigation","Coudes","COUDE EVAC 90° - DN 63","unité(s)","0","0","valide","3","""2025-10-18T12:14:43.033Z""","consommation",,,"false","true",
"220","Plomberie et Irrigation","Coudes","COUDE EVAC 90° - DN 75","unité(s)","0","0","valide","3","""2025-10-18T12:14:43.051Z""","consommation",,,"false","true",
"221","Plomberie et Irrigation","Coudes","COUDE JR - DN 25","unité(s)","22","0","valide","3","""2025-10-18T12:14:43.068Z""","consommation",,,"false","true",
"222","Plomberie et Irrigation","Coudes","COUDE JR - DN 32","unité(s)","15","0","valide","3","""2025-10-18T12:14:43.085Z""","consommation",,,"false","true",
"223","Plomberie et Irrigation","Coudes","COUDE JR - DN 40","unité(s)","12","0","valide","3","""2025-10-18T12:14:43.102Z""","consommation",,,"false","true",
"224","Plomberie et Irrigation","Coudes","COUDE JR - DN 50","unité(s)","7","0","valide","3","""2025-10-18T12:14:43.120Z""","consommation",,,"false","true",
"225","Plomberie et Irrigation","Coudes","COUDE PRESSION 45° - DN 110","unité(s)","34","0","valide","3","""2025-10-18T12:14:43.138Z""","consommation",,,"false","true",
"226","Plomberie et Irrigation","Coudes","COUDE PRESSION 45° - DN 32","unité(s)","1","0","valide","3","""2025-10-18T12:14:43.155Z""","consommation",,,"false","true",
"227","Plomberie et Irrigation","Coudes","COUDE PRESSION 45° - DN 50","unité(s)","15","0","valide","3","""2025-10-18T12:14:43.172Z""","consommation",,,"false","true",
"228","Plomberie et Irrigation","Coudes","COUDE PRESSION 45° - DN 63","unité(s)","63","0","valide","3","""2025-10-18T12:14:43.189Z""","consommation",,,"false","true",
"229","Plomberie et Irrigation","Coudes","COUDE PRESSION 45° - DN 75","unité(s)","37","0","valide","3","""2025-10-18T12:14:43.206Z""","consommation",,,"false","true",
"230","Plomberie et Irrigation","Coudes","COUDE PRESSION 90° - 3'","unité(s)","2","0","valide","3","""2025-10-18T12:14:43.223Z""","consommation",,,"false","true",
"231","Plomberie et Irrigation","Coudes","COUDE PRESSION 90° - DN 40","unité(s)","1","0","valide","3","""2025-10-18T12:14:43.242Z""","consommation",,,"false","true",
"232","Plomberie et Irrigation","Coudes","COUDE PRESSION 90° - DN 63","unité(s)","2","0","valide","3","""2025-10-18T12:14:43.259Z""","consommation",,,"false","true",
"233","Plomberie et Irrigation","Coudes","COUDE PRESSION 90° - DN 75","unité(s)","15","0","valide","3","""2025-10-18T12:14:43.276Z""","consommation",,,"false","true",
"234","Plomberie et Irrigation","Raccords & adaptateurs","EMBOUT MIX JR 1''- DN 32","unité(s)","0","0","valide","3","""2025-10-18T12:14:43.294Z""","consommation",,,"false","true",
"235","Plomberie et Irrigation","Raccords & adaptateurs","EMBOUT MIX JR 1'1/2 - DN 50","unité(s)","4","0","valide","3","""2025-10-18T12:14:43.311Z""","consommation",,,"false","true",
"236","Plomberie et Irrigation","Raccords & adaptateurs","EMBOUT MIX JR 1'1/4 - DN 32","unité(s)","21","0","valide","3","""2025-10-18T12:14:43.328Z""","consommation",,,"false","true",
"237","Plomberie et Irrigation","Raccords & adaptateurs","EMBOUT MIX JR 1'1/4 - DN 40","unité(s)","0","0","valide","3","""2025-10-18T12:14:43.345Z""","consommation",,,"false","true",
"238","Plomberie et Irrigation","Raccords & adaptateurs","EMBOUT MIX PRESSION - 1'- DN 25","unité(s)","0","0","valide","3","""2025-10-18T12:14:43.363Z""","consommation",,,"false","true",
"239","Plomberie et Irrigation","Raccords & adaptateurs","EMBOUT MIX PRESSION - 1'1/2 - DN 50","unité(s)","1","0","valide","3","""2025-10-18T12:14:43.380Z""","consommation",,,"false","true",
"240","Plomberie et Irrigation","Raccords & adaptateurs","EMBOUT MIX PRESSION - 1'1/2 - DN 63","unité(s)","0","0","valide","3","""2025-10-18T12:14:43.401Z""","consommation",,,"false","true",
"241","Plomberie et Irrigation","Raccords & adaptateurs","EMBOUT MIX PRESSION - 1'1/4 - DN 32","unité(s)","0","0","valide","3","""2025-10-18T12:14:43.419Z""","consommation",,,"false","true",
"242","Plomberie et Irrigation","Raccords & adaptateurs","EMBOUT MIX PRESSION - 1'1/4 - DN 40","unité(s)","0","0","valide","3","""2025-10-18T12:14:43.436Z""","consommation",,,"false","true",
"243","Plomberie et Irrigation","Raccords & adaptateurs","EMBOUT MIX PRESSION - 1'1/4 - DN 50","unité(s)","6","0","valide","3","""2025-10-18T12:14:43.453Z""","consommation",,,"false","true",
"244","Plomberie et Irrigation","Raccords & adaptateurs","RACCORD PRESSION 1'","unité(s)","0","0","valide","3","""2025-10-18T12:14:43.471Z""","consommation",,,"false","true",
"245","Plomberie et Irrigation","Raccords & adaptateurs","RACCORD PRESSION 1'1/4","unité(s)","0","0","valide","3","""2025-10-18T12:14:43.488Z""","consommation",,,"false","true",
"246","Plomberie et Irrigation","Raccords & adaptateurs","RACCORD UNION PRESSION DN 50","unité(s)","9","0","valide","3","""2025-10-18T12:14:43.505Z""","consommation",,,"false","true",
"247","Plomberie et Irrigation","Raccords & adaptateurs","RACCORD UNION PRESSION DN 75","unité(s)","17","0","valide","3","""2025-10-18T12:14:43.522Z""","consommation",,,"false","true",
"248","Plomberie et Irrigation","Raccords & adaptateurs","REDUC JR - DN 40/32","unité(s)","1","0","valide","3","""2025-10-18T12:14:43.539Z""","consommation",,,"false","true",
"249","Plomberie et Irrigation","Raccords & adaptateurs","REDUC JR - DN 50/32","unité(s)","0","0","valide","3","""2025-10-18T12:14:43.558Z""","consommation",,,"false","true",
"250","Plomberie et Irrigation","Raccords & adaptateurs","REDUC PRESSION - DN 110/75","unité(s)","1","0","valide","3","""2025-10-18T12:14:43.575Z""","consommation",,,"false","true",
"251","Plomberie et Irrigation","Raccords & adaptateurs","REDUC PRESSION - DN 40/25","unité(s)","3","0","valide","3","""2025-10-18T12:14:43.592Z""","consommation",,,"false","true",
"252","Plomberie et Irrigation","Raccords & adaptateurs","REDUC PRESSION - DN 75/63","unité(s)","0","0","valide","3","""2025-10-18T12:14:43.609Z""","consommation",,,"false","true",
"253","Plomberie et Irrigation","Raccords & adaptateurs","TE EVAC - DN 110","unité(s)","4","0","valide","3","""2025-10-18T12:14:43.627Z""","consommation",,,"false","true",
"254","Plomberie et Irrigation","Raccords & adaptateurs","TE JR - DN 25","unité(s)","23","0","valide","3","""2025-10-18T12:14:43.644Z""","consommation",,,"false","true",
"255","Plomberie et Irrigation","Raccords & adaptateurs","TE JR - DN 32","unité(s)","5","0","valide","3","""2025-10-18T12:14:43.661Z""","consommation",,,"false","true",
"256","Plomberie et Irrigation","Raccords & adaptateurs","TE JR - DN 40","unité(s)","14","0","valide","3","""2025-10-18T12:14:43.679Z""","consommation",,,"false","true",
"257","Plomberie et Irrigation","Raccords & adaptateurs","TE JR - DN 50","unité(s)","8","0","valide","3","""2025-10-18T12:14:43.697Z""","consommation",,,"false","true",
"258","Plomberie et Irrigation","Raccords & adaptateurs","TE PRESSION - DN 110","unité(s)","23","0","valide","3","""2025-10-18T12:14:43.715Z""","consommation",,,"false","true",
"259","Plomberie et Irrigation","Raccords & adaptateurs","TE PRESSION - DN 25","unité(s)","0","0","valide","3","""2025-10-18T12:14:43.733Z""","consommation",,,"false","true",
"260","Plomberie et Irrigation","Raccords & adaptateurs","TE PRESSION - DN 32","unité(s)","1","0","valide","3","""2025-10-18T12:14:43.750Z""","consommation",,,"false","true",
"261","Plomberie et Irrigation","Raccords & adaptateurs","TE PRESSION - DN 50","unité(s)","10","0","valide","3","""2025-10-18T12:14:43.767Z""","consommation",,,"false","true",
"262","Plomberie et Irrigation","Raccords & adaptateurs","TE PRESSION - DN 75","unité(s)","35","0","valide","3","""2025-10-18T12:14:43.783Z""","consommation",,,"false","true",
"263","Plomberie et Irrigation","Raccords & adaptateurs","TE REDUC JR - DN 32/25/32","unité(s)","15","0","valide","3","""2025-10-18T12:14:43.801Z""","consommation",,,"false","true",
"264","Plomberie et Irrigation","Raccords & adaptateurs","TE REDUC JR - DN 40/1'´/40","unité(s)","71","0","valide","3","""2025-10-18T12:14:43.818Z""","consommation",,,"false","true",
"265","Plomberie et Irrigation","Raccords & adaptateurs","UNION JR - DN 32","unité(s)","13","0","valide","3","""2025-10-18T12:14:43.835Z""","consommation",,,"false","true",
"266","Plomberie et Irrigation","Raccords & adaptateurs","UNION JR - DN 40","unité(s)","2","0","valide","3","""2025-10-18T12:14:43.851Z""","consommation",,,"false","true",
"267","Plomberie et Irrigation","Raccords & adaptateurs","UNION JR - DN 50","unité(s)","6","0","valide","3","""2025-10-18T12:14:43.868Z""","consommation",,,"false","true",
"268","Plomberie et Irrigation","Raccords & adaptateurs","UNION PRESSION 3'1/2","unité(s)","0","0","valide","3","""2025-10-18T12:14:43.885Z""","consommation",,,"false","true",
"269","Plomberie et Irrigation","Vannes & régulation","VANNE JR - DN 40","unité(s)","0","0","valide","3","""2025-10-18T12:14:43.902Z""","consommation",,,"false","true",
"270","Plomberie et Irrigation","Vannes & régulation","VANNE JR - DN 50","unité(s)","6","0","valide","3","""2025-10-18T12:14:43.919Z""","consommation",,,"false","true",
"271","Plomberie et Irrigation","Vannes & régulation","VANNE PRESSION - DN 110","unité(s)","4","0","valide","3","""2025-10-18T12:14:43.936Z""","consommation",,,"false","true",
"272","Plomberie et Irrigation","Vannes & régulation","VANNE PRESSION - DN 32","unité(s)","1","0","valide","3","""2025-10-18T12:14:43.953Z""","consommation",,,"false","true",
"273","Plomberie et Irrigation","Vannes & régulation","VANNE PRESSION - DN 75","unité(s)","1","0","valide","3","""2025-10-18T12:14:43.970Z""","consommation",,,"false","true",
"274","Plomberie et Irrigation","Vannes & régulation","VANNE PRESSION-JR - Pression DN50 - JR DN 50","unité(s)","0","0","valide","3","""2025-10-18T12:14:43.987Z""","consommation",,,"false","true",
"275","Plomberie et Irrigation","Vannes & régulation","VANNE REDUC JR - DN 32F / 40M","unité(s)","0","0","valide","3","""2025-10-18T12:14:44.006Z""","consommation",,,"false","true",
"276","Plomberie et Irrigation","Bouchons & finitions","BOUCHON JR - DN 25","unité(s)","0","0","valide","3","""2025-10-18T12:14:44.023Z""","consommation",,,"false","true",
"277","Plomberie et Irrigation","Bouchons & finitions","BOUCHON JR - DN 32","unité(s)","30","0","valide","3","""2025-10-18T12:14:44.041Z""","consommation",,,"false","true",
"278","Plomberie et Irrigation","Bouchons & finitions","BOUCHON PRESSION - DN 110","unité(s)","23","0","valide","3","""2025-10-18T12:14:44.057Z""","consommation",,,"false","true",
"279","Plomberie et Irrigation","Bouchons & finitions","BOUCHON PRESSION - DN 63","unité(s)","0","0","valide","3","""2025-10-18T12:14:44.074Z""","consommation",,,"false","true",
"280","Plomberie et Irrigation","Bouchons & finitions","BOUCHON PRESSION - DN 75","unité(s)","5","0","valide","3","""2025-10-18T12:14:44.097Z""","consommation",,,"false","true",
"281","Plomberie et Irrigation","Autres","COLLE PVC 1L","unité(s)","12","0","valide","3","""2025-10-18T12:14:44.115Z""","consommation",,,"false","true",
"282","Plomberie et Irrigation","Irrigation & arrosage","ASPERSEUR - 32L / H","unité(s)","0","0","valide","3","""2025-10-18T12:14:44.134Z""","consommation",,,"false","true",
"283","Plomberie et Irrigation","Irrigation & arrosage","FILTRE A DISQUE 130 MICRONS - 1""1/2","unité(s)","0","0","valide","3","""2025-10-18T12:14:44.153Z""","consommation",,,"false","true",
"284","Plomberie et Irrigation","Irrigation & arrosage","GOUTTEURS - 6L / H","unité(s)","0","0","valide","3","""2025-10-18T12:14:44.172Z""","consommation",,,"false","true",
"285","Plomberie et Irrigation","Irrigation & arrosage","GOUTTEURS - 8L / H","unité(s)","180","0","valide","3","""2025-10-18T12:14:44.190Z""","consommation",,,"false","true",
"286","Plomberie et Irrigation","Irrigation & arrosage","PIQUET ASPERSEUR","unité(s)","0","0","valide","3","""2025-10-18T12:14:44.208Z""","consommation",,,"false","true",
"287","Electricité","Tous","BOITE DE LIAISON ETANCHE","unité(s)","7","0","valide","3","""2025-10-18T12:14:44.225Z""","consommation",,,"false","true",
"288","Electricité","Tous","CABLE A05VVF 3 x 1.5mm","mètre(s)","0","0","valide","3","""2025-10-18T12:14:44.241Z""","consommation",,,"false","true",
"289","Electricité","Tous","DISJONCTEUR MODULAIRE 10A","unité(s)","5","0","valide","3","""2025-10-18T12:14:44.258Z""","consommation",,,"false","true",
"290","Electricité","Tous","DISJONCTEUR MODULAIRE 16A","unité(s)","9","0","valide","3","""2025-10-18T12:14:44.276Z""","consommation",,,"false","true",
"291","Electricité","Tous","GAINE ANNELE - D 13","mètre(s)","0","0","valide","3","""2025-10-18T12:14:44.294Z""","consommation",,,"false","true",
"292","Electricité","Tous","GAINE ANNELE - D 32","mètre(s)","49","0","valide","3","""2025-10-18T12:14:44.312Z""","consommation",,,"false","true",
"293","Electricité","Tous","HORLOGE MODULAIRE ANALOGIQUE","unité(s)","2","0","valide","3","""2025-10-18T12:14:44.329Z""","consommation",,,"false","true",
"294","Electricité","Tous","HORLOGE MODULAIRE NUMERIQUE","unité(s)","3","0","valide","3","""2025-10-18T12:14:44.347Z""","consommation",,,"false","true",
"295","EPI","Tous","CASQUE BLANC","unité(s)","4","0","valide","3","""2025-10-18T12:14:44.364Z""","pret",,,"false","true",
"296","EPI","Tous","CASQUE BLEU","unité(s)","5","0","valide","3","""2025-10-18T12:14:44.382Z""","pret",,,"false","true",
"297","EPI","Tous","FOULARD","unité(s)","1","0","valide","3","""2025-10-18T12:14:44.400Z""","pret",,,"false","true",
"298","EPI","Tous","GILET JAUNE","unité(s)","27","0","valide","3","""2025-10-18T12:14:44.417Z""","pret",,,"false","true",
"299","EPI","Tous","PAIRE CHAUSSURES - 41","unité(s)","0","0","valide","3","""2025-10-18T12:14:44.435Z""","pret",,,"false","true",
"300","EPI","Tous","PAIRE CHAUSSURES - 42","unité(s)","17","0","valide","3","""2025-10-18T12:14:44.453Z""","pret",,,"false","true",
"301","EPI","Tous","PAIRE CHAUSSURES - 44","unité(s)","15","0","valide","3","""2025-10-18T12:14:44.471Z""","pret",,,"false","true",
"302","EPI","Tous","PAIRE CHAUSSURES - 45","unité(s)","0","0","valide","3","""2025-10-18T12:14:44.489Z""","pret",,,"false","true",
"303","EPI","Tous","PAIRE CHAUSSURES - 46","unité(s)","0","0","valide","3","""2025-10-18T12:14:44.507Z""","pret",,,"false","true",
"304","EPI","Tous","PAIRE GANTS","unité(s)","20","0","valide","3","""2025-10-18T12:14:44.525Z""","pret",,,"false","true",
"305","EPI","Tous","T-SHIRT","unité(s)","26","0","valide","3","""2025-10-18T12:14:44.542Z""","pret",,,"false","true",
"316","Etanchéité","Géomembranes","Membrane PVC","unité(s)","0","0","valide",,"""2025-10-21T19:27:06.957Z""","consommation",,,"true","true",
"317","Plomberie et Irrigation","Tubes & tuyaux","EVAC - DN 110 (Chute)","Chute > 50cm","1","0","valide",,"""2025-10-21T19:27:17.642Z""","consommation",,,"false","true",
"318","Plomberie et Irrigation","Tubes & tuyaux","EVAC - DN 50 (Chute)","Chute > 50cm","3","0","valide",,"""2025-10-21T19:27:17.642Z""","consommation",,,"false","true",
"319","Plomberie et Irrigation","Tubes & tuyaux","EVAC - DN 63 (Chute)","Chute > 50cm","0","0","valide",,"""2025-10-21T19:27:17.642Z""","consommation",,,"false","true",
"320","Plomberie et Irrigation","Tubes & tuyaux","EVAC - DN 75 (Chute)","Chute > 50cm","0","0","valide",,"""2025-10-21T19:27:17.642Z""","consommation",,,"false","true",
"321","Plomberie et Irrigation","Tubes & tuyaux","EVAC - DN 90 (Chute)","Chute > 50cm","0","0","valide",,"""2025-10-21T19:27:17.642Z""","consommation",,,"false","true",
"322","Plomberie et Irrigation","Tubes & tuyaux","EVAC - DN 160 (Chute)","Chute > 50cm","3","0","valide",,"""2025-10-21T19:27:17.642Z""","consommation",,,"false","true",
"323","Plomberie et Irrigation","Tubes & tuyaux","EVAC - DN 125 (Chute)","Chute > 50cm","1","0","valide",,"""2025-10-21T19:27:17.642Z""","consommation",,,"false","true",
"324","Plomberie et Irrigation","Tubes & tuyaux","JR - DN 16 - PN 6 (Chute)","Chute > 3m (et inf. à 10m)","0","0","valide",,"""2025-10-21T19:27:17.642Z""","consommation",,,"false","true",
"325","Plomberie et Irrigation","Tubes & tuyaux","JR - DN 25 - PN 6 (Chute)","Chute > 3m (et inf. à 10m)","1","0","valide",,"""2025-10-21T19:27:17.642Z""","consommation",,,"false","true",
"326","Plomberie et Irrigation","Tubes & tuyaux","JR - DN 32 - PN 10 (Chute)","Chute > 3m (et inf. à 10m)","0","0","valide",,"""2025-10-21T19:27:17.642Z""","consommation",,,"false","true",
"327","Plomberie et Irrigation","Tubes & tuyaux","JR - DN 32 - PN 6 (Chute)","Chute > 3m (et inf. à 10m)","0","0","valide",,"""2025-10-21T19:27:17.642Z""","consommation",,,"false","true",
"328","Plomberie et Irrigation","Tubes & tuyaux","JR - DN 40 - PN 6 (Chute)","Chute > 3m (et inf. à 10m)","2","0","valide",,"""2025-10-21T19:27:17.642Z""","consommation",,,"false","true",
"329","Plomberie et Irrigation","Tubes & tuyaux","JR - DN 50 - PN 6 (Chute)","Chute > 3m (et inf. à 10m)","0","0","valide",,"""2025-10-21T19:27:17.642Z""","consommation",,,"false","true",
"330","Plomberie et Irrigation","Tubes & tuyaux","PRESSION - DN 40 (Chute)","Chute > 50cm","1","0","valide",,"""2025-10-21T19:27:17.642Z""","consommation",,,"false","true",
"331","Plomberie et Irrigation","Tubes & tuyaux","PRESSION - DN 50 (Chute)","Chute > 50cm","7","0","valide",,"""2025-10-21T19:27:17.642Z""","consommation",,,"false","true",
"332","Plomberie et Irrigation","Tubes & tuyaux","PRESSION - DN 63 (Chute)","Chute > 50cm","5","0","valide",,"""2025-10-21T19:27:17.642Z""","consommation",,,"false","true",
"333","Plomberie et Irrigation","Tubes & tuyaux","PRESSION - DN 75 (Chute)","Chute > 50cm","6","0","valide",,"""2025-10-21T19:27:17.642Z""","consommation",,,"false","true",
"334","Plomberie et Irrigation","Tubes & tuyaux","PRESSION - DN 90 (Chute)","Chute > 50cm","0","0","valide",,"""2025-10-21T19:27:17.642Z""","consommation",,,"false","true",
"335","Plomberie et Irrigation","Tubes & tuyaux","PRESSION - DN 110 (Chute)","Chute > 50cm","16","0","valide",,"""2025-10-21T19:27:17.642Z""","consommation",,,"false","true",
"336","Plomberie et Irrigation","Tubes & tuyaux","PRESSION - DN 125 (Chute)","Chute > 50cm","0","0","valide",,"""2025-10-21T19:27:17.642Z""","consommation",,,"false","true",
"337","Plomberie et Irrigation","Tubes & tuyaux","EVAC - DN 40 (Chute)","Chute > 50cm","0","0","valide",,"""2025-10-21T19:27:17.642Z""","consommation",,,"false","true",
"340","Etanchéité","Géomembranes","Membrane PVC 8mx20m","unité(s)","0","0","valide","5","""2025-10-21T20:28:08.539Z""","consommation","8","20","false","false",
"341","Etanchéité","Géomembranes","Membrane PVC 10mx20m","unité(s)","0","0","valide","5","""2025-10-21T20:59:30.825Z""","consommation","10","20","false","false",
"342","Etanchéité","Géomembranes","Membrane PVC 10mx50m","unité(s)","0","0","valide","5","""2025-10-21T20:59:30.917Z""","consommation","10","50","false","false",
"343","Pompes","Tous","Pompe BCM 10/50 ST 0,75KW","unité(s)","0","0","valide",,"""2025-10-21T22:37:42.827Z""","consommation",,,"false","true",
"344","Pompes","Tous","Pompe DM8 0,55KW","unité(s)","0","0","valide",,"""2025-10-21T22:37:42.827Z""","consommation",,,"false","true",
"345","Pompes","Tous","Pompe Top Vortex 0,37KW","unité(s)","0","0","valide",,"""2025-10-21T22:37:42.827Z""","consommation",,,"false","true",
"346","Pompes","Tous","Pompe UPM2/4-GE","unité(s)","0","0","valide",,"""2025-10-21T22:37:42.827Z""","consommation",,,"false","true",
"347","Pompes","Tous","Pompe VXCM 15/35 1,1KW","unité(s)","3","0","valide",,"""2025-10-21T22:37:42.827Z""","consommation",,,"false","true",
"348","Pompes","Tous","Pompe VXM 10/35 0,75KW","unité(s)","0","0","valide",,"""2025-10-21T22:37:42.827Z""","consommation",,,"false","true",
"349","Equipements lourds","Tous","Groupe électrogène","unité(s)","1","0","valide",,"""2025-10-21T22:37:42.827Z""","pret",,,"false","true",
"350","Plomberie et Irrigation","Tubes & tuyaux","PRESSION - DN 160","Nb de tuyaux 6m","0","0","valide","3","""2025-10-22T09:49:29.049Z""","les_deux",,,"false","true",
"351","Plomberie et Irrigation","Tubes & tuyaux","PRESSION - DN 160 (Chute)","Chute > 50cm","1","0","valide","3","""2025-10-22T09:56:01.732Z""","les_deux",,,"false","true",
"352","Monolyto","Tous","Monolyto 15 central","unité(s)","140","0","valide","3","""2025-10-26T18:06:32.560Z""","les_deux",,,"false","true",
"353","Monolyto","Tous","Monolyto 15 angle","unité(s)","0","0","valide","3","""2025-10-26T18:07:50.847Z""","les_deux",,,"false","true",
"354","Monolyto","Tous","Monolyto 15 demi","unité(s)","10","0","valide","3","""2025-10-26T18:08:07.065Z""","les_deux",,,"false","true",
"355","Etanchéité","Geotextile","Geotextile (rouleau de 5.9m x 150m)","unité(s)","0","0","valide","2","""2025-10-26T18:17:30.297Z""","les_deux",,,"false","true",
"356","Plomberie et Irrigation","Tubes & tuyaux","JR - DN 16 - PN 6 (Rouleau de 50m)","Rouleau de 50m","0","0","valide","3","""2025-11-04T11:58:53.081Z""","consommation",,,"false","true",
"357","Plomberie et Irrigation","Tubes & tuyaux","JR - DN 25 - PN 6 (Rouleau de 50m)","Rouleau de 50m","3","0","valide","3","""2025-11-04T11:58:53.081Z""","consommation",,,"false","true",
"358","Plomberie et Irrigation","Tubes & tuyaux","JR - DN 32 - PN 10 (Rouleau de 50m)","Rouleau de 50m","1","0","valide","3","""2025-11-04T11:58:53.081Z""","consommation",,,"false","true",
"359","Plomberie et Irrigation","Tubes & tuyaux","JR - DN 32 - PN 6 (Rouleau de 50m)","Rouleau de 50m","0","0","valide","3","""2025-11-04T11:58:53.081Z""","consommation",,,"false","true",
"360","Plomberie et Irrigation","Tubes & tuyaux","JR - DN 40 - PN 6 (Rouleau de 50m)","Rouleau de 50m","3","0","valide","3","""2025-11-04T11:58:53.081Z""","consommation",,,"false","true",
"361","Plomberie et Irrigation","Tubes & tuyaux","JR - DN 50 - PN 6 (Rouleau de 50m)","Rouleau de 50m","0","0","valide","3","""2025-11-04T11:58:53.081Z""","consommation",,,"false","true",
"362","Plomberie et Irrigation","Tubes & tuyaux","JR - DN 16 - PN 6 (Rouleau partiellement utilisé)","unité(s)","0","0","valide","3","""2025-11-04T11:59:35.839Z""","consommation",,,"true","true",
"363","Plomberie et Irrigation","Tubes & tuyaux","JR - DN 25 - PN 6 (Rouleau partiellement utilisé)","unité(s)","0","0","valide","3","""2025-11-04T11:59:35.839Z""","consommation",,,"true","true",
"364","Plomberie et Irrigation","Tubes & tuyaux","JR - DN 32 - PN 10 (Rouleau partiellement utilisé)","unité(s)","0","0","valide","3","""2025-11-04T11:59:35.839Z""","consommation",,,"true","true",
"365","Plomberie et Irrigation","Tubes & tuyaux","JR - DN 32 - PN 6 (Rouleau partiellement utilisé)","unité(s)","0","0","valide","3","""2025-11-04T11:59:35.839Z""","consommation",,,"true","true",
"366","Plomberie et Irrigation","Tubes & tuyaux","JR - DN 40 - PN 6 (Rouleau partiellement utilisé)","unité(s)","0","0","valide","3","""2025-11-04T11:59:35.839Z""","consommation",,,"true","true",
"367","Plomberie et Irrigation","Tubes & tuyaux","JR - DN 50 - PN 6 (Rouleau partiellement utilisé)","unité(s)","0","0","valide","3","""2025-11-04T11:59:35.839Z""","consommation",,,"true","true",
"368","Plomberie et Irrigation","Tubes & tuyaux","JR - DN 16 - PN 6 (87m)","unité(s)","0","0","valide","3","""2025-11-04T12:35:22.699Z""","consommation","87",,"false","false",
"369","Pompes","Tous","Pompe UPM8/4-GE","unité(s)","1","0","valide","3","""2025-11-04T16:09:49.505Z""","les_deux",,,"false","true",
"370","Plomberie et Irrigation","Tubes & tuyaux","JR - DN 25 - PN 6 (23.8m)","unité(s)","1","0","valide","2","""2025-11-04T20:33:11.553Z""","consommation","23.8",,"false","true",
"371","Plomberie et Irrigation","Tubes & tuyaux","JR - DN 25 - PN 6 (49.75m)","unité(s)","0","0","valide","2","""2025-11-04T20:33:11.794Z""","consommation","49.75",,"false","false",
"372","Plomberie et Irrigation","Tubes & tuyaux","JR - DN 25 - PN 6 (19.49m)","unité(s)","1","0","valide","2","""2025-11-04T20:33:12.030Z""","consommation","19.49",,"false","true",
"373","Plomberie et Irrigation","Tubes & tuyaux","JR - DN 40 - PN 6 (13.9m)","unité(s)","0","0","valide","2","""2025-11-04T20:38:07.974Z""","consommation","13.9",,"false","false",
"374","Plomberie et Irrigation","Tubes & tuyaux","JR - DN 40 - PN 6 (12.6m)","unité(s)","1","0","valide","2","""2025-11-04T20:38:08.211Z""","consommation","12.6",,"false","true",
"375","Plomberie et Irrigation","Tubes & tuyaux","JR - DN 40 - PN 6 (14.6m)","unité(s)","0","0","valide","2","""2025-11-04T20:38:08.437Z""","consommation","14.6",,"false","false",
"376","Plomberie et Irrigation","Tubes & tuyaux","JR - DN 40 - PN 6 (48.7m)","unité(s)","1","0","valide","2","""2025-11-04T20:38:08.803Z""","consommation","48.7",,"false","true",
"377","Plomberie et Irrigation","Tubes & tuyaux","JR - DN 32 - PN 10 (15.9m)","unité(s)","1","0","valide","2","""2025-11-04T20:40:18.875Z""","consommation","15.9",,"false","true",
"378","Plomberie et Irrigation","Tubes & tuyaux","JR - DN 32 - PN 6 (33m)","unité(s)","1","0","valide","2","""2025-11-04T20:40:19.097Z""","consommation","33",,"false","true",
"379","Outillage-Autres","Sécurité & signalisation","Couvercle regard 60 x 60","unité(s)","6","0","valide","2","""2025-11-05T09:34:56.915Z""","les_deux",,,"false","true",
"380","Outillage-Autres","Sécurité & signalisation","Couvercle regard 40 x 40","unité(s)","22","0","valide","2","""2025-11-05T09:36:54.006Z""","les_deux",,,"false","true",
"381","Electricité","Tous","Câble H05VVF 3x2.5 mm","Rouleau de 100m","1","0","valide","2","""2025-11-05T11:15:34.259Z""","les_deux",,,"false","true",
"382","Electricité","Tous","GAINE ANNELÉE - D32","Rouleau de 50m","0","0","valide","2","""2025-11-05T11:19:58.209Z""","les_deux",,,"false","true",
"383","Electricité","Tous","GAINE ANNELÉE - D25","Rouleau de 100m","1","0","valide","2","""2025-11-05T11:20:45.128Z""","les_deux",,,"false","true",
"384","Electricité","Tous","Coffret électrique PM","unité(s)","1","0","valide","2","""2025-11-05T11:21:36.404Z""","les_deux",,,"false","true",
"385","Electricité","Tous","GAINE ANNELÉE - D25","mètre(s)","18","0","valide","2","""2025-11-05T11:24:14.341Z""","les_deux",,,"false","true",
"386","Electricité","Tous","GAINE ANNELÉE - D20","mètre(s)","64","0","valide","2","""2025-11-05T11:24:47.375Z""","les_deux",,,"false","true",
"387","Electricité","Tous","GAINE ANNELÉE - D15","mètre(s)","36","0","valide","2","""2025-11-05T11:25:29.067Z""","les_deux",,,"false","true",
"388","Outillage-Autres","Sécurité & signalisation","Couvercle en bois ","unité(s)","1","0","valide","2","""2025-11-05T11:45:34.519Z""","les_deux",,,"false","true",
"389","EPI","Tous","Gilets sécurité (orange)","unité(s)","1","0","valide","2","""2025-11-05T11:49:46.998Z""","les_deux",,,"false","true",
"390","EPI","Tous","Casques vert","unité(s)","19","0","valide","2","""2025-11-05T11:50:26.661Z""","les_deux",,,"false","true",
"391","EPI","Tous","Bottes maintenance (paire)","unité(s)","5","0","valide","2","""2025-11-05T11:51:13.733Z""","les_deux",,,"false","true",
"392","Outillage-Autres","Outils manuels","Cisaille d'entretien paysager","unité(s)","2","0","valide","2","""2025-11-05T12:10:47.189Z""","les_deux",,,"false","true",
"393","Outillage-Autres","Outils manuels","Scie PVC","unité(s)","1","0","valide","2","""2025-11-05T12:11:22.138Z""","les_deux",,,"false","true",
"395","Outillage-Autres","Outils manuels","Embout pelle","unité(s)","0","0","valide","2","""2025-11-05T12:15:27.712Z""","les_deux",,,"false","true",
"396","Outillage-Autres","Outils manuels","Embout pioche","unité(s)","8","0","valide","2","""2025-11-05T12:15:49.410Z""","les_deux",,,"false","true",
"397","Outillage-Autres","Mesure & traçage","Niveau à eau","mètre(s)","1","0","valide","2","""2025-11-05T12:27:37.631Z""","les_deux",,,"false","true",
"398","Outillage-Autres","Sécurité & signalisation","Rouleau signalisation ","unité(s)","18","0","valide","2","""2025-11-05T12:28:16.269Z""","les_deux",,,"false","true",
"400","Etanchéité","Géomembranes","Membrane PVC 2.5mx7m - Blanc","unité(s)","0","0","valide","2","""2025-11-05T14:09:58.522Z""","consommation","2.5","7","false","false","Blanc"
"401","Outillage-Autres","Outils manuels","Tuyau pour coudage ","unité(s)","2","0","valide","2","""2025-11-05T14:43:54.222Z""","les_deux",,,"false","true",
"402","Outillage-Autres","Outils manuels","Pince multiprise","unité(s)","1","0","valide","2","""2025-11-05T14:44:18.405Z""","les_deux",,,"false","true",
"403","Outillage-Autres","Outils manuels","Pince serrage","unité(s)","2","0","valide","2","""2025-11-05T14:44:50.251Z""","les_deux",,,"false","true",
"404","Outillage-Autres","Outils manuels","Pistolet à mastic ","unité(s)","2","0","valide","2","""2025-11-05T14:45:53.557Z""","les_deux",,,"false","true",
"405","Outillage-Autres","Outils manuels","Truelle ","unité(s)","4","0","valide","2","""2025-11-05T14:46:10.909Z""","les_deux",,,"false","true",
"406","Outillage-Autres","Équipement & mobilier","Échelle ","unité(s)","0","0","valide","2","""2025-11-05T14:47:36.229Z""","les_deux",,,"false","true",
"407","EPI","Tous","Combinaison maintenance ","unité(s)","2","0","valide","2","""2025-11-05T14:48:28.235Z""","les_deux",,,"false","true",
"408","Outillage-Autres","Équipement & mobilier","Lampe torche","unité(s)","1","0","valide","2","""2025-11-05T14:49:01.746Z""","les_deux",,,"false","true",
"409","Pompes","Tous","Pompe maintenance et équipements ","unité(s)","1","0","valide","2","""2025-11-05T15:07:08.806Z""","les_deux",,,"false","true",
"410","Equipements lourds","Tous","Meule électrique (AC)","unité(s)","1","0","valide","2","""2025-11-05T15:08:07.610Z""","les_deux",,,"false","true",
"414","Plomberie et Irrigation","Raccords & adaptateurs","REDUC PRESSION - DN 110/50","unité(s)","2","0","valide","2","""2025-11-05T21:00:04.232Z""","les_deux",,,"false","true",
"415","Plomberie et Irrigation","Raccords & adaptateurs","RACCORD UNION PRESSION DN 110","unité(s)","7","0","valide","2","""2025-11-05T21:01:28.393Z""","les_deux",,,"false","true",
"416","Plomberie et Irrigation","Autres","TEFLON","unité(s)","17","0","valide","2","""2025-11-05T21:02:19.222Z""","les_deux",,,"false","true",
"419","Plomberie et Irrigation","Raccords & adaptateurs","TE PRESSION DN - 63","unité(s)","19","0","valide","2","""2025-11-05T21:08:28.011Z""","les_deux",,,"false","true",
"420","Plomberie et Irrigation","Raccords & adaptateurs","RACCORD UNION PRESSION DN 63","unité(s)","3","0","valide","2","""2025-11-05T21:29:46.868Z""","les_deux",,,"false","true",
"421","Plomberie et Irrigation","Autres","TRAVERSÉE PAROI DN 110","unité(s)","22","0","valide","2","""2025-11-05T21:30:33.558Z""","les_deux",,,"false","true",
"422","Plomberie et Irrigation","Autres","TRAVERSÉE PAROI DN 75","unité(s)","10","0","valide","2","""2025-11-05T21:31:06.572Z""","les_deux",,,"false","true",
"423","Plomberie et Irrigation","Autres","TRAVERSÉE PAROI DN 50","unité(s)","2","0","valide","2","""2025-11-05T21:31:44.481Z""","les_deux",,,"false","true",
"424","Plomberie et Irrigation","Autres","TRAVERSÉE PAROI DN 63","unité(s)","6","0","valide","2","""2025-11-05T21:32:17.802Z""","les_deux",,,"false","true",
"425","Equipements lourds","Tous","Meule avec batterie","unité(s)","0","0","valide","2","""2025-11-06T18:01:52.547Z""","les_deux",,,"false","true",
"426","Electricité","Tous","Rallonge électrique","unité(s)","2","0","valide","2","""2025-11-06T18:03:46.912Z""","les_deux",,,"false","true",
"427","Etanchéité","Géomembranes","Membrane PVC 2.85mx4.7m - Blanc","unité(s)","0","0","valide","2","""2025-11-06T18:10:23.075Z""","consommation","2.85","4.7","false","false","Blanc"
"428","Etanchéité","Géomembranes","Membrane PVC 3mx4m - gris","unité(s)","1","0","valide","2","""2025-11-06T18:15:19.137Z""","consommation","3","4","false","true","gris"
"429","Etanchéité","Géomembranes","Membrane PVC 4mx5m - bache à eau","unité(s)","1","0","valide","2","""2025-11-06T18:15:19.374Z""","consommation","4","5","false","true","bache à eau"
"430","Etanchéité","Géomembranes","Membrane PVC 11mx17m - Blanc","unité(s)","0","0","valide","2","""2025-11-06T18:15:19.603Z""","consommation","11","17","false","false","Blanc"
"431","Outillage-Autres","Équipement & mobilier","Théière","unité(s)","2","0","valide","2","""2025-11-06T18:17:35.894Z""","les_deux",,,"false","true",
"432","Outillage-Autres","Équipement & mobilier","Gaz PM","unité(s)","1","0","valide","2","""2025-11-06T18:18:16.070Z""","les_deux",,,"false","true",
"433","Outillage-Autres","Outils manuels","Coupe coupe","unité(s)","4","0","valide","2","""2025-11-06T18:18:46.201Z""","les_deux",,,"false","true",
"434","Outillage-Autres","Outils manuels","Ciseaux","unité(s)","1","0","valide","2","""2025-11-06T18:24:51.826Z""","les_deux",,,"false","true",
"435","Outillage-Autres","Outils manuels","Ciseaux baches","unité(s)","1","0","valide","2","""2025-11-06T18:25:21.627Z""","les_deux",,,"false","true",
"436","Outillage-Autres","Outils manuels","Table ferrailleur","unité(s)","1","0","valide","2","""2025-11-06T18:27:21.862Z""","les_deux",,,"false","true",
"437","Outillage-Autres","Sécurité & signalisation","Attache / collier","unité(s)","100","0","valide","2","""2025-11-06T18:28:20.483Z""","les_deux",,,"false","true",
"438","Outillage-Autres","Équipement & mobilier","Echelle","unité(s)","1","0","valide","2","""2025-11-06T18:29:39.912Z""","les_deux",,,"false","true",
"439","EPI","Tous","Combinaison maintenance XXL","unité(s)","1","0","valide","2","""2025-11-06T18:30:18.944Z""","les_deux",,,"false","true",
"440","Electricité","Tous","Multimètre numérique","unité(s)","1","0","valide","2","""2025-11-06T18:31:35.477Z""","les_deux",,,"false","true",
"441","Outillage-Autres","Outils manuels","Kit embout perceuse GM","unité(s)","1","0","valide","2","""2025-11-06T18:32:33.145Z""","les_deux",,,"false","true",
"442","Plomberie et Irrigation","Bouchons & finitions","Bouchon evac 110","unité(s)","1","0","valide","2","""2025-11-06T18:34:20.463Z""","les_deux",,,"false","true",
"443","Plomberie et Irrigation","Coudes","COUDE EVAC 45 - DN40","unité(s)","1","0","valide","2","""2025-11-06T18:36:40.020Z""","les_deux",,,"false","true",
"444","Plomberie et Irrigation","Coudes","COUDE EVAC 45 - DN32","unité(s)","1","0","valide","2","""2025-11-06T18:37:10.230Z""","les_deux",,,"false","true",
"445","Plomberie et Irrigation","Coudes","COUDE EVAC 87 - DN63","unité(s)","1","0","valide","2","""2025-11-06T18:37:48.354Z""","les_deux",,,"false","true",
"446","Plomberie et Irrigation","Raccords & adaptateurs","REDUC PRESSION - DN 63/50","unité(s)","4","0","valide","2","""2025-11-06T18:40:55.919Z""","les_deux",,,"false","true",
"447","Outillage-Autres","Outils manuels","Perceuse tuyau irrigation","unité(s)","4","0","valide","2","""2025-11-06T18:42:20.705Z""","les_deux",,,"false","true",
"448","Plomberie et Irrigation","Bouchons & finitions","Bouchon JR - DN40","unité(s)","2","0","valide","2","""2025-11-06T18:43:41.925Z""","les_deux",,,"false","true",
"449","Plomberie et Irrigation","Raccords & adaptateurs","TE REDUC JR - DN 50/ 1''/50","unité(s)","1","0","valide","2","""2025-11-06T18:51:17.726Z""","les_deux",,,"false","true",
"450","Plomberie et Irrigation","Vannes & régulation","VANNE JR - DN25","unité(s)","2","0","valide","2","""2025-11-06T18:52:36.709Z""","les_deux",,,"false","true",
"451","Plomberie et Irrigation","Raccords & adaptateurs","UNION JR - DN50/40","unité(s)","5","0","valide","2","""2025-11-06T18:53:50.726Z""","les_deux",,,"false","true",
"452","Plomberie et Irrigation","Raccords & adaptateurs","TE REDUC JR - DN 40/ 32/40","unité(s)","9","0","valide","2","""2025-11-06T18:55:05.223Z""","les_deux",,,"false","true",
"453","Plomberie et Irrigation","Raccords & adaptateurs","UNION JR - DN 25","unité(s)","2","0","valide","2","""2025-11-06T18:55:52.774Z""","les_deux",,,"false","true",
"454","Plomberie et Irrigation","Vannes & régulation","VANNE GUILLOTINE DN 110","unité(s)","1","0","valide","2","""2025-11-06T18:58:05.936Z""","les_deux",,,"false","true",
"455","Plomberie et Irrigation","Vannes & régulation","VANNE PRESSION DN 100 ","unité(s)","1","0","valide","2","""2025-11-06T18:59:05.907Z""","les_deux",,,"false","true",
"456","Outillage-Autres","Outils manuels","Tuyaux arrosage","unité(s)","2","0","valide","2","""2025-11-06T19:05:06.233Z""","les_deux",,,"false","true",
"457","Plomberie et Irrigation","Autres","Colle Mastic","unité(s)","4","0","valide","2","""2025-11-06T19:08:14.834Z""","les_deux",,,"false","true",
"458","Plomberie et Irrigation","Raccords & adaptateurs","CLAPET ANTI RETOUR PRESSION DN 50","unité(s)","14","0","valide","2","""2025-11-06T19:09:24.830Z""","les_deux",,,"false","true",
"459","Plomberie et Irrigation","Coudes","COUDE EVAC 45 - DN 110","unité(s)","8","0","valide","2","""2025-11-06T20:00:51.614Z""","les_deux",,,"false","true",
"460","Clotûre","Tous","Clotûre 120","mètre(s)","0","0","valide","3","""2025-11-06T21:03:04.173Z""","les_deux",,,"false","true",
"461","Clotûre","Tous","Poteaux de tension 120","unité(s)","0","0","valide","3","""2025-11-06T21:04:27.590Z""","les_deux",,,"false","true",
"462","Clotûre","Tous","Poteaux de tension 120 (angle)","unité(s)","0","0","valide","3","""2025-11-06T21:04:47.999Z""","les_deux",,,"false","true",
"463","Clotûre","Tous","Piquets 120","unité(s)","0","0","valide","3","""2025-11-06T21:05:09.297Z""","les_deux",,,"false","true",
"464","Clotûre","Tous","Portail Cloture 120 (piéton)","unité(s)","0","0","valide","3","""2025-11-06T21:05:48.523Z""","les_deux",,,"false","true",
"465","Clotûre","Tous","Portail Cloture 120 (camion)","unité(s)","0","0","valide","3","""2025-11-06T21:06:05.154Z""","les_deux",,,"false","true",
"466","Clotûre","Tous","Clôture 150 ","mètre(s)","80","0","valide","2","""2025-11-07T19:12:10.215Z""","les_deux",,,"false","true",
"467","Clotûre","Tous","Piquets 150","unité(s)","18","0","valide","2","""2025-11-07T19:13:46.082Z""","les_deux",,,"false","true",
"468","Clotûre","Tous","Portail Clôture 150 (piéton)","unité(s)","1","0","valide","2","""2025-11-07T19:15:00.883Z""","les_deux",,,"false","true",
"469","Clotûre","Tous","Poteaux de tension 150","unité(s)","0","0","valide","2","""2025-11-07T19:15:59.371Z""","les_deux",,,"false","true",
"470","Clotûre","Tous","Poteaux de tension 150 (angle)","unité(s)","2","0","valide","2","""2025-11-07T19:16:34.924Z""","les_deux",,,"false","true",
"471","Plomberie et Irrigation","Raccords & adaptateurs","UNION JR - DN40/32","unité(s)","1","0","valide","2","""2025-11-07T19:19:28.765Z""","les_deux",,,"false","true",
"472","Plomberie et Irrigation","Raccords & adaptateurs","UNION JR - DN50/32","unité(s)","1","0","valide","2","""2025-11-07T19:20:04.367Z""","les_deux",,,"false","true",
"473","Clotûre","Tous","Enfonce-piquet grillage","unité(s)","2","0","valide","2","""2025-11-07T19:21:52.813Z""","les_deux",,,"false","true",
"474","Clotûre","Tous","Tendeur clôture","unité(s)","30","0","valide","2","""2025-11-07T19:23:58.722Z""","les_deux",,,"false","true",
"475","Clotûre","Tous","Bouteille dilluant","unité(s)","15","0","valide","2","""2025-11-07T19:24:51.950Z""","les_deux",,,"false","true",
"476","Clotûre","Tous","Peinture anti-rouille","unité(s)","1","0","valide","2","""2025-11-07T19:25:47.002Z""","les_deux",,,"false","true",
"477","Clotûre","Tous","Pinceau peinture","unité(s)","6","0","valide","2","""2025-11-07T19:26:16.462Z""","les_deux",,,"false","true",
"478","Plomberie et Irrigation","Raccords & adaptateurs","RACCORD UNION PRESSION DN 32","unité(s)","3","0","valide","2","""2025-12-05T13:47:33.197Z""","les_deux",,,"false","true",
"479","Plomberie et Irrigation","Raccords & adaptateurs","CLAPET LAITON 1''1/2 F","unité(s)","1","0","valide","2","""2025-12-05T13:48:26.345Z""","les_deux",,,"false","true",
"480","Equipements lourds","Tous","KIT TOPO","unité(s)","1","0","valide","2","""2025-12-05T13:48:53.023Z""","les_deux",,,"false","true",
"481","Equipements lourds","Tous","MACHINE A SOUDURE","unité(s)","2","0","valide","2","""2025-12-05T13:49:49.501Z""","les_deux",,,"false","true",
"482","Plomberie et Irrigation","Raccords & adaptateurs","EMBOUT MIX JR 1''- DN 25","unité(s)","0","0","valide","2","""2025-12-05T14:01:06.545Z""","les_deux",,,"false","true",
"483","Plomberie et Irrigation","Raccords & adaptateurs","Embout mix pvc F63xM75 - M2'","unité(s)","5","0","valide","2","""2025-12-05T14:06:44.999Z""","les_deux",,,"false","true",
"484","Plomberie et Irrigation","Raccords & adaptateurs","Embout mix pvc F50xM63 - 1'1/2","unité(s)","2","0","valide","2","""2025-12-05T14:08:01.524Z""","les_deux",,,"false","true",
"485","Plomberie et Irrigation","Raccords & adaptateurs","Embout mix pvc F40xM50 - 1'1/2","unité(s)","2","0","valide","2","""2025-12-05T14:09:06.303Z""","les_deux",,,"false","true",
"486","Plomberie et Irrigation","Raccords & adaptateurs","Embout mix pvc F25xM32 - 1'","unité(s)","1","0","valide","2","""2025-12-05T14:10:11.261Z""","les_deux",,,"false","true",
"487","Equipements lourds","Tous","Compacteur","unité(s)","1","0","valide","1","""2025-12-20T18:06:22.958Z""","les_deux",,,"false","true",
"488","Equipements lourds","Tous","Marteau-piqueur","unité(s)","1","0","valide","1","""2025-12-20T18:06:47.876Z""","les_deux",,,"false","true",
"489","Pompes","Tous","Huile pompes","L","1","0","valide","1","""2025-12-20T18:07:34.060Z""","les_deux",,,"false","true",
"490","Equipements lourds","Tous","Huile Moteurs","L","1","0","valide","1","""2025-12-20T18:08:30.795Z""","les_deux",,,"false","true",
"491","Etanchéité","Géomembranes","Bâche verte 14 x 1.80","mètre(s)","0","0","valide","2","""2025-12-29T14:56:35.823Z""","les_deux",,,"false","true",
"492","Etanchéité","Géomembranes","Bache verte 2.80 x 1.17","unité(s)","0","0","valide","2","""2025-12-29T14:57:56.150Z""","les_deux",,,"false","true",
"493","Etanchéité","Géomembranes","Bâche verte 4 x 2.29","unité(s)","0","0","valide","2","""2025-12-29T14:58:27.379Z""","les_deux",,,"false","true",
"494","Etanchéité","Géomembranes","Bâche verte 2.18 x 1","unité(s)","0","0","valide","2","""2025-12-29T14:58:56.126Z""","les_deux",,,"false","true",
"495","Etanchéité","Géomembranes","Bâche verte 3.60 x 2.14","unité(s)","0","0","valide","2","""2025-12-29T14:59:25.131Z""","les_deux",,,"false","true",
"496","Etanchéité","Géomembranes","Bâche verte 80 x 0.75","unité(s)","0","0","valide","2","""2025-12-29T15:01:47.272Z""","les_deux",,,"false","true",
"497","Electricité","Tous","CABLE H05VVF 3x2.5mm","mètre(s)","98","0","valide","2","""2025-12-30T18:16:40.837Z""","les_deux",,,"false","true",
"498","Plomberie et Irrigation","Bouchons & finitions","BOUCHON PRESSION - DN 50","unité(s)","0","0","valide","2","""2026-01-12T09:56:14.803Z""","les_deux",,,"false","true",
"499","Plomberie et Irrigation","Vannes & régulation","VANNE PRESSION - DN 50","unité(s)","0","0","valide","2","""2026-01-12T09:57:15.078Z""","les_deux",,,"false","true",
"500","Plomberie et Irrigation","Raccords & adaptateurs","CLAPET PVC DN63","unité(s)","3","0","valide","1","""2026-02-06T11:57:46.256Z""","les_deux",,,"false","true",
"501","Etanchéité","Geotextile","Geotextile ( Rouleau de 1.2 X 50 m)","unité(s)","3","0","valide","2","""2026-02-09T21:10:41.040Z""","les_deux",,,"false","true",